n,m,l,S,mse_full,nonlinear_mse_decrease,pct_nonlinear_mse_decrease
16,2,1,0.85,0.032727295532226565,0.0,0.0
16,2,1,0.9,0.021449222412109375,0.0,0.0
16,2,1,0.95,0.010656195678710937,0.0,0.0
16,2,2,0.85,0.021784396362304687,0.010942899169921878,0.33436613053304104
16,2,2,0.9,0.01081720703125,0.010632015380859375,0.4956830218170037
16,2,2,0.95,0.003249557189941406,0.00740663848876953,0.6950546622906515
16,2,3,0.85,0.011643134460449218,0.021084161071777345,0.644237806054453
16,2,3,0.9,0.007480409698486328,0.013968812713623047,0.6512503085303835
16,2,3,0.95,0.0025197071838378906,0.008136488494873046,0.7635453345820414
16,2,4,0.85,0.009438090057373047,0.023289205474853518,0.7116141158660861
16,2,4,0.9,0.006467029724121094,0.014982192687988281,0.6984958428856578
16,2,4,0.95,0.0022456015396118164,0.00841059413909912,0.789267989504162
16,4,1,0.85,0.019805762023925783,0.0,0.0
16,4,1,0.9,0.011334625854492188,0.0,0.0
16,4,1,0.95,0.004692580184936524,0.0,0.0
16,4,2,0.85,0.009457027893066407,0.010348734130859375,0.5225112832496869
16,4,2,0.9,0.004794340133666992,0.006540285720825196,0.5770182275785594
16,4,2,0.95,0.0015439028167724609,0.0031486773681640625,0.6709906371491561
16,4,3,0.85,0.006561952667236328,0.013243809356689454,0.6686846656387495
16,4,3,0.9,0.003299041061401367,0.00803558479309082,0.7089413357130022
16,4,3,0.95,0.0009721695137023926,0.003720410671234131,0.792828364057983
16,4,4,0.85,0.0037850190734863283,0.016020742950439454,0.808893034819163
16,4,4,0.9,0.0022641263580322267,0.009070499496459961,0.8002469259155212
16,4,4,0.95,0.0006274624919891357,0.004065117692947388,0.866286250365347
16,8,1,0.85,0.003466068115234375,0.0,0.0
16,8,1,0.9,0.0015494213485717774,0.0,0.0
16,8,1,0.95,0.0013635641479492187,0.0,0.0
16,8,2,0.85,0.001284163818359375,0.0021819042968750004,0.6295041598533214
16,8,2,0.9,0.0004771539878845215,0.001072267360687256,0.6920437501881902
16,8,2,0.95,0.0001685567569732666,0.001195007390975952,0.8763851651374278
16,8,3,0.85,0.0004980095005035401,0.002968058614730835,0.8563186054207521
16,8,3,0.9,0.00016667948722839354,0.0013827418613433838,0.8924246865566716
16,8,3,0.95,4.9985356330871585e-05,0.0013135787916183472,0.9633421306903318
16,8,4,0.85,0.0003568226909637451,0.00310924542427063,0.8970526028050615
16,8,4,0.9,0.0001323027515411377,0.0014171185970306398,0.9146115085718346
16,8,4,0.95,2.569520890712738e-05,0.0013378689390420914,0.981155848849669
32,2,1,0.85,0.03871657958984375,0.0,0.0
32,2,1,0.9,0.026492921752929686,0.0,0.0
32,2,1,0.95,0.013417623596191407,0.0,0.0
32,2,2,0.85,0.03137774658203125,0.007338833007812504,0.1895527209675735
32,2,2,0.9,0.019820680236816407,0.0066722415161132795,0.2518499687704486
32,2,2,0.95,0.0066174462890625,0.006800177307128907,0.5068093659341537
32,2,3,0.85,0.023122569580078123,0.015594010009765628,0.4027734416357455
32,2,3,0.9,0.01381461181640625,0.012678309936523436,0.4785546137477804
32,2,3,0.95,0.005194398193359375,0.008223225402832032,0.6128674980244784
32,2,4,0.85,0.019266715393066406,0.019449864196777345,0.5023652503094435
32,2,4,0.9,0.010920699462890626,0.01557222229003906,0.587788030148733
32,2,4,0.95,0.004820348739624024,0.008597274856567383,0.6407449720834113
32,4,1,0.85,0.03248231140136719,0.0,0.0
32,4,1,0.9,0.02080011535644531,0.0,0.0
32,4,1,0.95,0.008624722747802734,0.0,0.0
32,4,2,0.85,0.020216884765625,0.012265426635742191,0.37760325871470884
32,4,2,0.9,0.011810719909667968,0.008989395446777343,0.4321800765394221
32,4,2,0.95,0.004342895278930664,0.00428182746887207,0.49645972329521243
32,4,3,0.85,0.01255727325439453,0.01992503814697266,0.6134119552260068
32,4,3,0.9,0.007885377197265625,0.012914738159179687,0.6208974295509284
32,4,3,0.95,0.0032873776245117186,0.005337345123291016,0.6188425157957428
32,4,4,0.85,0.010333656311035156,0.022148655090332033,0.6818681964054993
32,4,4,0.9,0.005992190399169922,0.014807924957275391,0.7119155208284397
32,4,4,0.95,0.0026761705780029297,0.005948552169799805,0.6897093789264448
32,8,1,0.85,0.019656636352539062,0.0,0.0
32,8,1,0.9,0.011303085327148438,0.0,0.0
32,8,1,0.95,0.004356432189941406,0.0,0.0
32,8,2,0.85,0.009443683929443359,0.010212952423095703,0.519567653383204
32,8,2,0.9,0.005072648696899414,0.006230436630249024,0.5512155707861801
32,8,2,0.95,0.0013064123725891113,0.0030500198173522945,0.7001187403753247
32,8,3,0.85,0.006245381317138672,0.013411255035400391,0.6822761938956077
32,8,3,0.9,0.0033263549041748046,0.007976730422973633,0.705712660932908
32,8,3,0.95,0.0006730758094787597,0.0036833563804626462,0.8454983848864149
32,8,4,0.85,0.0041646676635742185,0.015491968688964844,0.7881291799430239
32,8,4,0.9,0.002068213195800781,0.009234872131347657,0.8170222434017002
32,8,4,0.95,0.00041453435897827146,0.003941897830963134,0.904845446708572
32,16,1,0.85,0.0034160145568847655,0.0,0.0
32,16,1,0.9,0.0015292465209960937,0.0,0.0
32,16,1,0.95,0.0013683613204956055,0.0,0.0
32,16,2,0.85,0.0012671637535095215,0.002148850803375244,0.6290520041972211
32,16,2,0.9,0.00047096072196960447,0.0010582857990264892,0.6920308691218481
32,16,2,0.95,0.0001438134527206421,0.0012245478677749635,0.8949009661654611
32,16,3,0.85,0.000499811201095581,0.0029162033557891846,0.8536858690814878
32,16,3,0.9,0.00017994518280029298,0.0013493013381958006,0.8823308208783215
32,16,3,0.95,3.768240749835968e-05,0.0013306789129972458,0.9724616539988783
32,16,4,0.85,0.00032470809936523435,0.003091306457519531,0.9049453408473318
32,16,4,0.9,0.00011330633401870728,0.0014159401869773863,0.9259070840031052
32,16,4,0.95,2.3201652765274048e-05,0.0013451596677303316,0.9830442059288328
64,2,1,0.85,0.042218824462890624,0.0,0.0
64,2,1,0.9,0.028906752319335937,0.0,0.0
64,2,1,0.95,0.014877597961425782,0.0,0.0
64,2,2,0.85,0.03694825988769531,0.005270564575195313,0.12483920720786573
64,2,2,0.9,0.023647457885742188,0.005259294433593749,0.18193999711533726
64,2,2,0.95,0.010663566589355468,0.004214031372070314,0.2832467568350977
64,2,3,0.85,0.03130589416503906,0.010912930297851564,0.2584849397558139
64,2,3,0.9,0.020025606689453124,0.008881145629882813,0.3072342936270343
64,2,3,0.95,0.0085659375,0.0063116604614257815,0.4242392137353407
64,2,4,0.85,0.02891782470703125,0.013300999755859372,0.3150490314468762
64,2,4,0.9,0.018658894958496094,0.010247857360839843,0.3545143102770828
64,2,4,0.95,0.007915029907226562,0.00696256805419922,0.46799006615527394
64,4,1,0.85,0.03835796875,0.0,0.0
64,4,1,0.9,0.02587281494140625,0.0,0.0
64,4,1,0.95,0.012200282897949218,0.0,0.0
64,4,2,0.85,0.03062430419921875,0.007733664550781248,0.20161819832498948
64,4,2,0.9,0.01984889892578125,0.0060239160156249985,0.23282800998914363
64,4,2,0.95,0.00726354995727539,0.004936732940673828,0.4046408580823694
64,4,3,0.85,0.02378068359375,0.014577285156249998,0.3800327710588168
64,4,3,0.9,0.014277064514160156,0.011595750427246093,0.4481827916099119
64,4,3,0.95,0.005175459594726563,0.007024823303222656,0.5757918371223572
64,4,4,0.85,0.020431683044433595,0.017926285705566404,0.4673418924344477
64,4,4,0.9,0.011119774780273437,0.014753040161132812,0.5702139560207804
64,4,4,0.95,0.004422687759399414,0.0077775951385498044,0.6374930158264743
64,8,1,0.85,0.03214943420410156,0.0,0.0
64,8,1,0.9,0.021178922119140624,0.0,0.0
64,8,1,0.95,0.008704189147949218,0.0,0.0
64,8,2,0.85,0.0211481005859375,0.01100133361816406,0.3421936930000632
64,8,2,0.9,0.011512958068847657,0.009665964050292967,0.45639546696086447
64,8,2,0.95,0.00414062385559082,0.004563565292358398,0.5242952806734
64,8,3,0.85,0.01321764892578125,0.01893178527832031,0.5888683812639238
64,8,3,0.9,0.007707423400878906,0.013471498718261718,0.6360804691796256
64,8,3,0.95,0.002511307373046875,0.006192881774902343,0.7114829043393938
64,8,4,0.85,0.010280162048339843,0.021869272155761718,0.6802381658390642
64,8,4,0.9,0.006347129211425781,0.014831792907714842,0.7003091481369814
64,8,4,0.95,0.0018470127868652343,0.0068571763610839834,0.787801855466295
64,16,1,0.85,0.020659993286132813,0.0,0.0
64,16,1,0.9,0.011439940795898438,0.0,0.0
64,16,1,0.95,0.004415488739013672,0.0,0.0
64,16,2,0.85,0.010349307250976563,0.01031068603515625,0.49906531393100123
64,16,2,0.9,0.0054163406372070315,0.006023600158691407,0.526541200357527
64,16,2,0.95,0.0007980556297302247,0.003617433109283447,0.8192599558280169
64,16,3,0.85,0.00655003173828125,0.014109961547851563,0.6829606066388368
64,16,3,0.9,0.003016596145629883,0.008423344650268555,0.7363101610882966
64,16,3,0.95,0.00044760541915893554,0.003967883319854737,0.8986283409118327
64,16,4,0.85,0.004502581939697266,0.016157411346435547,0.782062758814184
64,16,4,0.9,0.0019465342712402345,0.009493406524658203,0.8298475222932862
64,16,4,0.95,0.00030037620067596433,0.0041151125383377075,0.9319721511184146
64,32,1,0.85,0.0034333721160888673,0.0,0.0
64,32,1,0.9,0.0015380627059936524,0.0,0.0
64,32,1,0.95,0.0006308302783966064,0.0,0.0
64,32,2,0.85,0.001276794490814209,0.0021565776252746582,0.6281223101827156
64,32,2,0.9,0.0004318218803405762,0.0011062408256530762,0.7192429940224048
64,32,2,0.95,6.94503104686737e-05,0.0005613799679279328,0.8899065044163751
64,32,3,0.85,0.0004514121341705322,0.002981959981918335,0.868522222786396
64,32,3,0.9,0.0001591265296936035,0.0013789361763000489,0.8965409348568781
64,32,3,0.95,2.2991644740104676e-05,0.0006078386336565017,0.9635533589184352
64,32,4,0.85,0.0002975186395645142,0.003135853476524353,0.9133450644133986
64,32,4,0.9,0.00010627772092819214,0.0014317849850654604,0.9309015682429331
64,32,4,0.95,1.4148096144199372e-05,0.0006166821822524071,0.9775722620985159
128,2,1,0.85,0.0436448876953125,0.0,0.0
128,2,1,0.9,0.03018796142578125,0.0,0.0
128,2,1,0.95,0.015699224548339843,0.0,0.0
128,2,2,0.85,0.0399243603515625,0.003720527343750002,0.08524543286084775
128,2,2,0.9,0.02657762939453125,0.00361033203125,0.11959509223987179
128,2,2,0.95,0.013183181457519531,0.002516043090820312,0.16026543751082137
128,2,3,0.85,0.03796843933105469,0.005676448364257812,0.13005986872701858
128,2,3,0.9,0.0251741357421875,0.005013825683593751,0.1660869249459098
128,2,3,0.95,0.011865726928710938,0.0038334976196289054,0.2441838835940651
128,2,4,0.85,0.036828080444335935,0.006816807250976567,0.15618798926841318
128,2,4,0.9,0.024474407348632814,0.005713554077148436,0.189265979128651
128,2,4,0.95,0.011285932922363281,0.004413291625976562,0.28111526224671124
128,4,1,0.85,0.041382828369140624,0.0,0.0
128,4,1,0.9,0.028512538452148437,0.0,0.0
128,4,1,0.95,0.01426422821044922,0.0,0.0
128,4,2,0.85,0.03633023986816406,0.0050525885009765625,0.12209384182025369
128,4,2,0.9,0.02439179931640625,0.004120739135742187,0.1445237554929693
128,4,2,0.95,0.010937617797851563,0.0033266104125976564,0.23321348786054596
128,4,3,0.85,0.03259393005371094,0.008788898315429686,0.21238031961062404
128,4,3,0.9,0.020816727905273436,0.007695810546875001,0.2699096946345413
128,4,3,0.95,0.008709104309082031,0.005555123901367188,0.3894444073250173
128,4,4,0.85,0.030671790771484374,0.01071103759765625,0.2588280699934837
128,4,4,0.9,0.019139390563964843,0.009373147888183594,0.3287377552831436
128,4,4,0.95,0.008166861877441407,0.006097366333007812,0.42745855177367426
128,8,1,0.85,0.038242210693359376,0.0,0.0
128,8,1,0.9,0.02599123718261719,0.0,0.0
128,8,1,0.95,0.0123346435546875,0.0,0.0
128,8,2,0.85,0.03117791259765625,0.007064298095703126,0.1847251497134243
128,8,2,0.9,0.019254178466796876,0.006737058715820313,0.259205003151063
128,8,2,0.95,0.007755803680419922,0.004578839874267578,0.3712178510847599
128,8,3,0.85,0.024816890869140625,0.01342531982421875,0.35106024418588355
128,8,3,0.9,0.01505409423828125,0.01093714294433594,0.42080116723534217
128,8,3,0.95,0.00578072006225586,0.00655392349243164,0.5313427553357204
128,8,4,0.85,0.02114742492675781,0.017094785766601565,0.4470135344338243
128,8,4,0.9,0.012778738708496093,0.013212498474121096,0.508344346261345
128,8,4,0.95,0.004479037399291992,0.007855606155395508,0.6368733819154558
128,16,1,0.85,0.03221238525390625,0.0,0.0
128,16,1,0.9,0.021562705688476562,0.0,0.0
128,16,1,0.95,0.009323282318115234,0.0,0.0
128,16,2,0.85,0.02235764404296875,0.009854741210937504,0.30593019216863065
128,16,2,0.9,0.010216995239257813,0.01134571044921875,0.526172856650456
128,16,2,0.95,0.002716995849609375,0.006606286468505859,0.7085794726680942
128,16,3,0.85,0.01542823699951172,0.016784148254394532,0.5210464273942331
128,16,3,0.9,0.006738885955810547,0.014823819732666015,0.6874749369040496
128,16,3,0.95,0.001721660041809082,0.007601622276306152,0.8153375621304657
128,16,4,0.85,0.012489151000976563,0.01972323425292969,0.6122872956307369
128,16,4,0.9,0.005294912719726563,0.01626779296875,0.754441172818296
128,16,4,0.95,0.0014913329696655273,0.007831949348449708,0.8400420668622411
128,32,1,0.85,0.022050477294921874,0.0,0.0
128,32,1,0.9,0.011904834594726563,0.0,0.0
128,32,1,0.95,0.00411755126953125,0.0,0.0
128,32,2,0.85,0.011261081237792969,0.010789396057128905,0.4893044224314208
128,32,2,0.9,0.003966483612060547,0.007938350982666015,0.6668174109854861
128,32,2,0.95,0.0008494250106811524,0.003268126258850098,0.7937062698000473
128,32,3,0.85,0.006321304626464843,0.015729172668457032,0.7133257234336324
128,32,3,0.9,0.0023146916580200193,0.009590142936706543,0.8055670879253249
128,32,3,0.95,0.00046052133560180663,0.0036570299339294438,0.8881565023829726
128,32,4,0.85,0.005019403381347656,0.017031073913574217,0.7723675857799412
128,32,4,0.9,0.002314592742919922,0.00959024185180664,0.8055753967429998
128,32,4,0.95,0.00023738044261932374,0.0038801708269119266,0.9423491227963878
128,64,1,0.85,0.003454446029663086,0.0,0.0
128,64,1,0.9,0.0015422687911987305,0.0,0.0
128,64,1,0.95,0.0003889738368988037,0.0,0.0
128,64,2,0.85,0.0013824967575073242,0.002071949272155762,0.5997920518555157
128,64,2,0.9,0.0004948038864135742,0.0010474649047851562,0.6791714328674269
128,64,2,0.95,5.443780064582825e-05,0.00033453603625297547,0.8600476549275192
128,64,3,0.85,0.00044895726203918456,0.0030054887676239017,0.8700349467949362
128,64,3,0.9,0.0001147762656211853,0.0014274925255775453,0.925579596581232
128,64,3,0.95,2.3005611300468443e-05,0.00036596822559833525,0.9408556331606086
128,64,4,0.85,0.0003409341144561768,0.003113511915206909,0.901305705305974
128,64,4,0.9,0.0001147762656211853,0.0014274925255775453,0.925579596581232
128,64,4,0.95,1.461237370967865e-05,0.00037436146318912505,0.9624335306811902
