n,m,l,S,nonlinear_gain,linearity_score,mse_full,mse_linear,gain_mean,gain_std,steps_used,steps_mean,converged,n_converged,n_seeds,n_runs
16,2,1,0.85,0.0,1.0,0.03320332616567612,0.03320332616567612,0.0,0.0,8000,8000.0,True,12,12,1
16,2,1,0.9,0.0,1.0,0.02133789099752903,0.02133789099752903,0.0,0.0,8000,8000.0,True,12,12,1
16,2,1,0.95,0.0,1.0,0.010458474047482014,0.010458474047482014,0.0,0.0,8000,8000.0,True,12,12,1
16,2,2,0.85,0.5632929801940918,0.7521082162857056,0.021709969267249107,0.049712907522916794,0.6354314182934008,0.23285085350012083,72000,48315.78947368421,True,38,38,2
16,2,2,0.9,0.986161470413208,0.7261734008789062,0.010379324667155743,0.7500292062759399,0.6524845785564847,0.18745099909749774,72000,52000.0,True,45,45,2
16,2,2,0.95,0.9702271223068237,0.8566699028015137,0.0029798841569572687,0.10008729249238968,0.6251062227620019,0.18917963120717418,72000,52000.0,True,45,45,2
16,2,3,0.85,0.8554055094718933,0.6545959115028381,0.011241008527576923,0.07774166762828827,0.7828825407558018,0.05942262043187998,72000,52000.0,True,45,45,2
16,2,3,0.9,0.9480645656585693,0.7189894914627075,0.006880465894937515,0.1324813961982727,0.8484167007605234,0.14847082229647832,72000,60000.0,True,75,75,2
16,2,3,0.95,0.926518976688385,0.8436806201934814,0.0020952566992491484,0.028514372184872627,0.7027593644460043,0.26015645921224273,72000,60000.0,True,75,75,2
16,2,4,0.85,0.8895240426063538,0.5976395606994629,0.00866229459643364,0.07840897142887115,0.8243120137382957,0.06949528323964559,72000,61411.76470588235,True,85,85,3
16,2,4,0.9,0.9822019338607788,0.6719210147857666,0.005941588897258043,0.33383405208587646,0.8470367309839829,0.15127025586294415,72000,64173.913043478264,True,115,115,3
16,2,4,0.95,0.9272992014884949,0.7953693270683289,0.0018399704713374376,0.02530892752110958,0.5682881060501803,0.3654329887762036,72000,64173.913043478264,True,115,115,3
16,4,1,0.85,0.0,1.0,0.019966956228017807,0.019966956228017807,0.0,0.0,8000,8000.0,True,12,12,1
16,4,1,0.9,0.0,1.0,0.011252859607338905,0.011252859607338905,0.0,0.0,8000,8000.0,True,12,12,1
16,4,1,0.95,0.0,1.0,0.004674803465604782,0.004674803465604782,0.0,0.0,8000,8000.0,True,12,12,1
16,4,2,0.85,0.9994754195213318,0.7833619713783264,0.008294422179460526,15.81086540222168,0.9860905647277832,0.02696972491578594,72000,52000.0,True,45,45,2
16,4,2,0.9,0.9971566200256348,0.8551366329193115,0.0042733740992844105,1.502923607826233,0.9876605828603109,0.03025413210225774,72000,52000.0,True,45,45,2
16,4,2,0.95,0.9828563332557678,0.8922094106674194,0.001267261803150177,0.07392042130231857,0.8577674155433973,0.1847050883275471,72000,52000.0,True,45,45,2
16,4,3,0.85,0.9982647895812988,0.7421360015869141,0.006220743525773287,3.585031747817993,0.9401777203877767,0.08435055192422022,72000,60000.0,True,75,75,2
16,4,3,0.9,0.9982046484947205,0.8758928179740906,0.0027157305739820004,1.512624979019165,0.9020635704199473,0.15770357373423932,72000,60000.0,True,75,75,2
16,4,3,0.95,0.9739258289337158,0.9452550411224365,0.0007707603508606553,0.029560642316937447,0.6727899731695652,0.36859891118620247,72000,60000.0,True,75,75,2
16,4,4,0.85,0.9450111389160156,0.7367271780967712,0.0035479641519486904,0.06452159583568573,0.9059662640094757,0.09373289515468394,72000,64173.913043478264,True,115,115,3
16,4,4,0.9,0.9912016987800598,0.9020264148712158,0.0019566710107028484,0.22239309549331665,0.85799728113672,0.22020299672476848,72000,64173.913043478264,True,115,115,3
16,4,4,0.95,0.9770885705947876,0.9594842791557312,0.00043471064418554306,0.01897396147251129,0.6414981552030202,0.41331942733211874,72000,64173.913043478264,True,115,115,3
16,8,1,0.85,0.0,1.0,0.003297689137980342,0.003297689137980342,0.0,0.0,8000,8000.0,True,12,12,1
16,8,1,0.9,0.0,1.0,0.0014714201679453254,0.0014714201679453254,0.0,0.0,8000,8000.0,True,12,12,1
16,8,1,0.95,0.0,1.0,0.0013431016122922301,0.0013431016122922301,0.0,0.0,8000,8000.0,True,12,12,1
16,8,2,0.85,0.9523861408233643,0.8524495363235474,0.0009971264516934752,0.020942116156220436,0.8626194821463691,0.1841875120349337,72000,52000.0,True,45,45,2
16,8,2,0.9,0.9686605334281921,0.855474591255188,0.0004255205567460507,0.01357810478657484,0.8404637481603358,0.23032014551773122,72000,52000.0,True,45,45,2
16,8,2,0.95,0.8801613450050354,0.9963766932487488,0.00015950277156662196,0.0013310526264831424,0.7287490105463399,0.30793801378932617,72000,52000.0,True,45,45,2
16,8,3,0.85,0.982244610786438,0.799120306968689,0.00032081574317999184,0.018069220706820488,0.8457932619253794,0.18619529453982442,72000,60000.0,True,75,75,2
16,8,3,0.9,0.9878672361373901,0.8298273682594299,0.00013522822700906545,0.011146506294608116,0.7173741661695142,0.3294773674203054,72000,60000.0,True,75,75,2
16,8,3,0.95,0.9658134579658508,0.9910792112350464,3.0491080906358548e-05,0.0008921868284232914,0.5648825139893839,0.44982776203532504,72000,60000.0,True,75,75,2
16,8,4,0.85,0.988827109336853,0.8305485248565674,0.00024356372887268662,0.021800266578793526,0.759061548291989,0.3270448629537759,72000,64173.913043478264,True,115,115,3
16,8,4,0.9,0.9918965101242065,0.8479282259941101,8.479494135826826e-05,0.01046523917466402,0.6550282400788519,0.4240177564644799,72000,64173.913043478264,True,115,115,3
16,8,4,0.95,0.9905278086662292,0.9697365760803223,1.0067098628496751e-05,0.0010638583917170763,0.6107718887261834,0.4557315271773108,72000,64173.913043478264,True,115,115,3
32,2,1,0.85,0.0,1.0,0.03888390585780144,0.03888390585780144,0.0,0.0,8000,8000.0,True,12,12,1
32,2,1,0.9,0.0,1.0,0.02656956948339939,0.02656956948339939,0.0,0.0,8000,8000.0,True,12,12,1
32,2,1,0.95,0.0,1.0,0.013222378678619862,0.013222378678619862,0.0,0.0,8000,8000.0,True,12,12,1
32,2,2,0.85,0.9936373233795166,0.7303873300552368,0.030928248539566994,4.860872745513916,0.7221415915033397,0.32191900841851884,101823,64387.85294117647,True,34,34,2
32,2,2,0.9,0.9863943457603455,0.6758180856704712,0.01937861368060112,1.4243098497390747,0.5765567170946222,0.2939709694414262,101823,68328.3947368421,True,38,38,2
32,2,2,0.95,0.8528212308883667,0.9030716419219971,0.0061448710039258,0.04175112396478653,0.5340960717863507,0.156116884733534,101823,73538.66666666667,True,45,45,2
32,2,3,0.85,0.9932155013084412,0.42705249786376953,0.02414388582110405,3.558682680130005,0.8961166410069716,0.16041107936439053,101823,68328.3947368421,True,38,38,2
32,2,3,0.9,0.8752278685569763,0.4095805287361145,0.013068089261651039,0.10473568737506866,0.806796305709415,0.123399654116368,101823,73538.66666666667,True,45,45,2
32,2,3,0.95,0.837940514087677,0.566960334777832,0.004646601155400276,0.028672246262431145,0.7280810789267222,0.16756338154312378,101823,84852.4,True,75,75,2
32,2,4,0.85,0.7356167435646057,0.35625511407852173,0.01912529580295086,0.07233931124210358,0.7462596673341024,0.13284771007143295,101823,71518.35714285714,True,42,42,2
32,2,4,0.9,0.7851290702819824,0.6250976920127869,0.010274704545736313,0.04781806468963623,0.78358434789321,0.10263794877732087,101823,86848.94117647059,True,85,85,3
32,2,4,0.95,0.8799756765365601,0.5802482962608337,0.00426741037517786,0.03555462136864662,0.525368895770415,0.28119433918790904,101823,90755.21739130435,True,115,115,3
32,4,1,0.85,0.0,1.0,0.032302044332027435,0.032302044332027435,0.0,0.0,8000,8000.0,True,12,12,1
32,4,1,0.9,0.0,1.0,0.020824482664465904,0.020824482664465904,0.0,0.0,8000,8000.0,True,12,12,1
32,4,1,0.95,0.0,1.0,0.008492453023791313,0.008492453023791313,0.0,0.0,8000,8000.0,True,12,12,1
32,4,2,0.85,0.9956209063529968,0.7112641334533691,0.02010197564959526,4.590464115142822,0.9716034029659472,0.06151075879862073,101823,68328.3947368421,True,38,38,2
32,4,2,0.9,0.9987112283706665,0.6472132205963135,0.011899477802217007,9.23348331451416,0.9627067976527743,0.10272097396114584,101823,73538.66666666667,True,45,45,2
32,4,2,0.95,0.9847071766853333,0.7981394529342651,0.003562502097338438,0.23295341432094574,0.9064377778106265,0.1348639290395977,101823,73538.66666666667,True,45,45,2
32,4,3,0.85,0.9965082406997681,0.6404033303260803,0.012617595493793488,3.61350417137146,0.9702197114626566,0.06760581050065888,101823,73538.66666666667,True,45,45,2
32,4,3,0.9,0.9959807991981506,0.6043646335601807,0.007408848963677883,1.8433644771575928,0.9486827039718628,0.0667976473646853,101823,84852.4,True,75,75,2
32,4,3,0.95,0.9939887523651123,0.7886055707931519,0.002676658798009157,0.44527748227119446,0.766764421860377,0.27537622622326785,101823,84852.4,True,75,75,2
32,4,4,0.85,0.9898478388786316,0.6032384634017944,0.010176287963986397,1.002376675605774,0.9317756743992076,0.09566458374756784,101823,86848.94117647059,True,85,85,3
32,4,4,0.9,0.9826126098632812,0.6944647431373596,0.0057411156594753265,0.3301885724067688,0.8914219731869905,0.11254593349183449,101823,90755.21739130435,True,115,115,3
32,4,4,0.95,0.9907404780387878,0.8169061541557312,0.0021550103556364775,0.23273558914661407,0.7709773614354756,0.28473622646521246,101823,90755.21739130435,True,115,115,3
32,8,1,0.85,0.0,1.0,0.019856248050928116,0.019856248050928116,0.0,0.0,8000,8000.0,True,12,12,1
32,8,1,0.9,0.0,1.0,0.011408466845750809,0.011408466845750809,0.0,0.0,8000,8000.0,True,12,12,1
32,8,1,0.95,0.0,1.0,0.004216684494167566,0.004216684494167566,0.0,0.0,8000,8000.0,True,12,12,1
32,8,2,0.85,0.993720531463623,0.8079491257667542,0.009547233581542969,1.5203875303268433,0.9894131514761183,0.011890623300107286,101823,73538.66666666667,True,45,45,2
32,8,2,0.9,0.9990754723548889,0.80867999792099,0.005249520298093557,5.678066253662109,0.9878534568680657,0.012883379282759578,101823,73538.66666666667,True,45,45,2
32,8,2,0.95,0.9887747168540955,0.9558009505271912,0.0011626644991338253,0.10357601195573807,0.8934678302870857,0.14552884300402552,101823,73538.66666666667,True,45,45,2
32,8,3,0.85,0.9922123551368713,0.788194477558136,0.006279888562858105,0.8063899278640747,0.9346890886624654,0.0930304024632482,101823,84852.4,True,75,75,2
32,8,3,0.9,0.9989485144615173,0.8818064332008362,0.003154745092615485,3.0002782344818115,0.8967492700119813,0.1782235532126891,101823,84852.4,True,75,75,2
32,8,3,0.95,0.9950011968612671,0.9599272012710571,0.0005340891075320542,0.10684476047754288,0.6856308272108436,0.3575580804981007,101823,84852.4,True,75,75,2
32,8,4,0.85,0.9892096519470215,0.8186395168304443,0.00382520304992795,0.3545026481151581,0.7338281044007643,0.361586767394222,101823,90755.21739130435,True,115,115,3
32,8,4,0.9,0.9787567257881165,0.7991368174552917,0.001983475871384144,0.09337002038955688,0.5244796981201153,0.42637381597842344,101823,90755.21739130435,True,115,115,3
32,8,4,0.95,0.9595918655395508,0.9617069363594055,0.0003257154894527048,0.00806089211255312,0.6480421123778164,0.4279479432097036,101823,90755.21739130435,True,115,115,3
32,16,1,0.85,0.0,1.0,0.0033269550185650587,0.0033269550185650587,0.0,0.0,8000,8000.0,True,12,12,1
32,16,1,0.9,0.0,1.0,0.0015083173057064414,0.0015083173057064414,0.0,0.0,8000,8000.0,True,12,12,1
32,16,1,0.95,0.0,1.0,0.0014426931738853455,0.0014426931738853455,0.0,0.0,8000,8000.0,True,12,12,1
32,16,2,0.85,0.9217276573181152,0.8247136473655701,0.0013451530830934644,0.017185665667057037,0.828197781700227,0.24408670051561762,101823,73538.66666666667,True,45,45,2
32,16,2,0.9,0.9967697262763977,0.9129939079284668,0.0004149080195929855,0.12844812870025635,0.8717777500549952,0.22379343979714303,101823,73538.66666666667,True,45,45,2
32,16,2,0.95,0.9528608322143555,0.9776486158370972,0.00011550499039003626,0.0024504989851266146,0.7319039550092485,0.2971193783894826,101823,73538.66666666667,True,45,45,2
32,16,3,0.85,0.9688881039619446,0.8300620913505554,0.0004169567546341568,0.013402163051068783,0.770491350889206,0.23054385548631845,101823,84852.4,True,75,75,2
32,16,3,0.9,0.9846240282058716,0.8854585886001587,0.0001265301398234442,0.008229753002524376,0.5894624153835079,0.44634304830139276,101823,84852.4,True,75,75,2
32,16,3,0.95,0.9740533828735352,0.9872085452079773,2.3084759959601797e-05,0.0008900768007151783,0.512100751837056,0.4601241174570522,101823,84852.4,True,75,75,2
32,16,4,0.85,0.975418746471405,0.8117793798446655,0.00029435617034323514,0.011975256726145744,0.5758120928443206,0.44652742844971977,101823,90755.21739130435,True,115,115,3
32,16,4,0.9,0.990791916847229,0.8768554925918579,7.051701686577871e-05,0.007659195456653833,0.48348331656064686,0.43014041167579076,101823,90755.21739130435,True,115,115,3
32,16,4,0.95,0.9867740273475647,0.9738659262657166,1.2469173270801548e-05,0.0009435270330868661,0.414024922994674,0.43686637869403194,101823,90755.21739130435,True,115,115,3
64,2,1,0.85,0.0,1.0,0.042306844145059586,0.042306844145059586,0.0,0.0,8000,8000.0,True,12,12,1
64,2,1,0.9,0.0,1.0,0.029149996116757393,0.029149996116757393,0.0,0.0,8000,8000.0,True,12,12,1
64,2,1,0.95,0.0,1.0,0.014665855094790459,0.014665855094790459,0.0,0.0,8000,8000.0,True,12,12,1
64,2,2,0.85,0.8091867566108704,0.642041802406311,0.03690146282315254,0.19339051842689514,0.3525904539753409,0.21413183622418722,144000,91058.82352941176,True,34,34,2
64,2,2,0.9,0.38574105501174927,0.6325536966323853,0.023567458614706993,0.03836730867624283,0.36295660519424605,0.2681391140134911,144000,91058.82352941176,True,34,34,2
64,2,2,0.95,0.4056291878223419,0.6659291982650757,0.010433630086481571,0.017554081976413727,0.35663862918552597,0.15524196049223984,144000,96631.57894736843,True,38,38,2
64,2,3,0.85,0.44271203875541687,0.4749789237976074,0.0313497856259346,0.056254204362630844,0.4938398693737231,0.15986596111866774,144000,96631.57894736843,True,38,38,2
64,2,3,0.9,0.49851521849632263,0.45923322439193726,0.019767185673117638,0.0394173301756382,0.5973872048290152,0.17761204520133234,144000,96631.57894736843,True,38,38,2
64,2,3,0.95,0.5889700055122375,0.505350649356842,0.008280744776129723,0.020146341994404793,0.5701900694105361,0.0670123454633689,144000,104000.0,True,45,45,2
64,2,4,0.85,0.5122543573379517,0.33307284116744995,0.028821032494306564,0.059090305119752884,0.47173331606955754,0.09692605880501694,144000,101142.85714285714,True,42,42,2
64,2,4,0.9,0.5392314791679382,0.5894317030906677,0.018445834517478943,0.0400327704846859,0.5566762075537727,0.1239934013914454,144000,101142.85714285714,True,42,42,2
64,2,4,0.95,0.6415382027626038,0.5838358402252197,0.008068231865763664,0.022507943212985992,0.36042382092354963,0.2772397632183126,24000,122823.5294117647,True,85,85,3
64,4,1,0.85,0.0,1.0,0.03853996470570564,0.03853996470570564,0.0,0.0,8000,8000.0,True,12,12,1
64,4,1,0.9,0.0,1.0,0.026090314611792564,0.026090314611792564,0.0,0.0,8000,8000.0,True,12,12,1
64,4,1,0.95,0.0,1.0,0.011962433345615864,0.011962433345615864,0.0,0.0,8000,8000.0,True,12,12,1
64,4,2,0.85,0.9818474054336548,0.6796422004699707,0.03100070171058178,1.707786202430725,0.9054080931579366,0.1766437073104716,144000,91058.82352941176,True,34,34,2
64,4,2,0.9,0.996613085269928,0.610211193561554,0.01958472654223442,5.782440662384033,0.9373191516650351,0.16812884438114703,144000,96631.57894736843,True,38,38,2
64,4,2,0.95,0.9859763979911804,0.6900438666343689,0.007934567518532276,0.5658002495765686,0.8107893161830448,0.23172327949093327,144000,101142.85714285714,True,42,42,2
64,4,3,0.85,0.6197450757026672,0.5005984306335449,0.023728512227535248,0.062401607632637024,0.7380981539425097,0.17961448083945641,144000,96631.57894736843,True,38,38,2
64,4,3,0.9,0.9693666696548462,0.5271287560462952,0.014440187253057957,0.47138744592666626,0.92532020939721,0.08809609169069701,144000,104000.0,True,45,45,2
64,4,3,0.95,0.9125626087188721,0.6560044288635254,0.005359947681427002,0.061300523579120636,0.8548507137732072,0.11445349486690433,144000,111272.72727272728,True,55,55,2
64,4,4,0.85,0.7704715728759766,0.5017207860946655,0.020708240568637848,0.09022083133459091,0.7732943182899839,0.11868904052502173,144000,101142.85714285714,True,42,42,2
64,4,4,0.9,0.7829758524894714,0.5459518432617188,0.010658785700798035,0.04911339655518532,0.773232355187921,0.12373530313269937,144000,122823.5294117647,True,85,85,3
64,4,4,0.95,0.7914943695068359,0.7654411792755127,0.004393049515783787,0.021069252863526344,0.7897431009694149,0.1264845146582657,144000,125052.63157894737,True,95,95,3
64,8,1,0.85,0.0,1.0,0.03222861886024475,0.03222861886024475,0.0,0.0,8000,8000.0,True,12,12,1
64,8,1,0.9,0.0,1.0,0.02119838073849678,0.02119838073849678,0.0,0.0,8000,8000.0,True,12,12,1
64,8,1,0.95,0.0,1.0,0.008440149948000908,0.008440149948000908,0.0,0.0,8000,8000.0,True,12,12,1
64,8,2,0.85,0.9949501156806946,0.7513308525085449,0.021535860374569893,4.264614582061768,0.9725265973492673,0.06419755499207849,144000,96631.57894736843,True,38,38,2
64,8,2,0.9,0.9981127977371216,0.6893925070762634,0.011196068488061428,5.932627201080322,0.9932808762504941,0.0044249253218307145,144000,101142.85714285714,True,42,42,2
64,8,2,0.95,0.9985751509666443,0.8032443523406982,0.004461225587874651,3.1310768127441406,0.995436042547226,0.00477573099849296,144000,101142.85714285714,True,42,42,2
64,8,3,0.85,0.9903921484947205,0.5414502620697021,0.013771508820354939,1.4333640336990356,0.8873390886518691,0.11997341035489528,144000,104000.0,True,45,45,2
64,8,3,0.9,0.9992936253547668,0.6884353160858154,0.007590292952954769,10.745464324951172,0.9498009670864452,0.11078614856612001,144000,111272.72727272728,True,55,55,2
64,8,3,0.95,0.9985249638557434,0.8145092725753784,0.0024622881319373846,1.669291377067566,0.951444271477786,0.1031356259545107,144000,111272.72727272728,True,55,55,2
64,8,4,0.85,0.8646634817123413,0.6313408613204956,0.010261797346174717,0.07582435756921768,0.8095438142033184,0.25242259074577245,144000,122823.5294117647,True,85,85,3
64,8,4,0.9,0.9997366070747375,0.74299556016922,0.006209313403815031,23.57002830505371,0.793975160780706,0.32905588415389786,144000,125052.63157894737,True,95,95,3
64,8,4,0.95,0.9971826076507568,0.8473080396652222,0.0019073201110586524,0.6769965887069702,0.8724921384238099,0.22894181904338826,144000,125052.63157894737,True,95,95,3
64,16,1,0.85,0.0,1.0,0.0207217950373888,0.0207217950373888,0.0,0.0,8000,8000.0,True,12,12,1
64,16,1,0.9,0.0,1.0,0.011456889100372791,0.011456889100372791,0.0,0.0,8000,8000.0,True,12,12,1
64,16,1,0.95,0.0,1.0,0.004339622799307108,0.004339622799307108,0.0,0.0,8000,8000.0,True,12,12,1
64,16,2,0.85,0.9960594177246094,0.7852742671966553,0.01017171423882246,2.58127498626709,0.9851184430576506,0.029924289887918325,144000,101142.85714285714,True,42,42,2
64,16,2,0.9,0.9974548816680908,0.8545550107955933,0.005312884226441383,2.0874979496002197,0.9884713873976753,0.025842601728369958,144000,101142.85714285714,True,42,42,2
64,16,2,0.95,0.9904271960258484,0.9096304178237915,0.0007398469606414437,0.07728735357522964,0.8851428996948969,0.11341229310902946,144000,101142.85714285714,True,42,42,2
64,16,3,0.85,0.9984917044639587,0.8137303590774536,0.006492801941931248,4.304555416107178,0.8185897264968265,0.35450524037208614,144000,111272.72727272728,True,55,55,2
64,16,3,0.9,0.9944906830787659,0.8869261145591736,0.00325140287168324,0.590161919593811,0.7990034657784484,0.38397894136196364,144000,111272.72727272728,True,55,55,2
64,16,3,0.95,0.9339678287506104,0.9361796379089355,0.0003594153095036745,0.005443166941404343,0.7733431083202462,0.3700239925169128,144000,111272.72727272728,True,55,55,2
64,16,4,0.85,0.9762798547744751,0.8481868505477905,0.004447741899639368,0.18750973045825958,0.6871065679517806,0.4327523180099205,144000,125052.63157894737,True,95,95,3
64,16,4,0.9,0.9845501184463501,0.8828001618385315,0.0019265234004706144,0.12469567358493805,0.7276465786517873,0.41108529829623974,144000,125052.63157894737,True,95,95,3
64,16,4,0.95,0.9641618728637695,0.9416390061378479,0.0002445411228109151,0.006823749281466007,0.636155511095205,0.4054516598028362,144000,125052.63157894737,True,95,95,3
64,32,1,0.85,0.0,1.0,0.003375390311703086,0.003375390311703086,0.0,0.0,8000,8000.0,True,12,12,1
64,32,1,0.9,0.0,1.0,0.0014613984385505319,0.0014613984385505319,0.0,0.0,8000,8000.0,True,12,12,1
64,32,1,0.95,0.0,1.0,0.0006126646767370403,0.0006126646767370403,0.0,0.0,8000,8000.0,True,12,12,1
64,32,2,0.85,0.9827966690063477,0.8802140951156616,0.0013089340645819902,0.07608652859926224,0.8717222270511445,0.17854477391830045,144000,101142.85714285714,True,42,42,2
64,32,2,0.9,0.9957482218742371,0.9224135875701904,0.0004303760943002999,0.10122460126876831,0.863425497497831,0.20099182506368843,144000,101142.85714285714,True,42,42,2
64,32,2,0.95,0.9885108470916748,0.9607561826705933,6.786100857425481e-05,0.005907345563173294,0.8571230009907768,0.20300496794039588,144000,101142.85714285714,True,42,42,2
64,32,3,0.85,0.9778476357460022,0.8506364226341248,0.0004262911679688841,0.019244004040956497,0.634352635693821,0.3947826481879045,144000,111272.72727272728,True,55,55,2
64,32,3,0.9,0.9878074526786804,0.903863251209259,0.00013394883717410266,0.010986940935254097,0.5863475285120847,0.44562498730962335,144000,111272.72727272728,True,55,55,2
64,32,3,0.95,0.9846913814544678,0.9814763069152832,1.6827465515234508e-05,0.001099859131500125,0.6655388999609381,0.44433042515087123,144000,111272.72727272728,True,55,55,2
64,32,4,0.85,0.9845171570777893,0.8386767506599426,0.0003023398749064654,0.019527917727828026,0.6755882119936971,0.41872601706443097,144000,125052.63157894737,True,95,95,3
64,32,4,0.9,0.9930471777915955,0.8965073823928833,8.714442810742185e-05,0.012535175308585167,0.6385898718277637,0.42319703415698307,144000,125052.63157894737,True,95,95,3
64,32,4,0.95,0.9913143515586853,0.9752542972564697,1.1174103747180197e-05,0.0012876499677076936,0.47474785521590235,0.4333913447411884,144000,125052.63157894737,True,95,95,3
128,2,1,0.85,0.0,1.0,0.04368915781378746,0.04368915781378746,0.0,0.0,8000,8000.0,True,12,12,1
128,2,1,0.9,0.0,1.0,0.030305713415145874,0.030305713415145874,0.0,0.0,8000,8000.0,True,12,12,1
128,2,1,0.95,0.0,1.0,0.015711093321442604,0.015711093321442604,0.0,0.0,8000,8000.0,True,12,12,1
128,2,2,0.85,0.5237652659416199,0.5475937128067017,0.04000568017363548,0.08400412648916245,0.47128608799539506,0.32750628457299635,203646,124096.78125,True,32,32,2
128,2,2,0.9,0.27144351601600647,0.5241909027099609,0.026633836328983307,0.03655700013041496,0.19270173436962068,0.1483272512969495,203646,124096.78125,True,32,32,2
128,2,2,0.95,0.6941467523574829,0.7217093706130981,0.012900948524475098,0.04218021407723427,0.26995676054674034,0.19604164579311129,203646,128776.14705882352,True,34,34,2
128,2,3,0.85,0.9199880361557007,0.5271369814872742,0.03803439065814018,0.47535860538482666,0.40129374852404,0.25546848238065273,203646,124096.78125,True,32,32,2
128,2,3,0.9,0.2974942624568939,0.3485315442085266,0.02513251267373562,0.03577553108334541,0.2749017416499555,0.030508844941632522,203646,124096.78125,True,32,32,2
128,2,3,0.95,0.42638570070266724,0.4861947298049927,0.011470112018287182,0.019996216520667076,0.40778475607696335,0.045693426891603675,203646,136657.18421052632,True,38,38,2
128,2,4,0.85,0.2859971523284912,0.5952548980712891,0.0368148498237133,0.05156121402978897,0.2535276025533676,0.04665557753886262,203646,130915.28571428571,True,35,35,2
128,2,4,0.9,0.3189931809902191,0.38004249334335327,0.02448742836713791,0.035957690328359604,0.29138860191617694,0.027879084124868784,203646,130915.28571428571,True,35,35,2
128,2,4,0.95,0.46635669469833374,0.5340315103530884,0.010929507203400135,0.0204809308052063,0.4046241364308766,0.04605865396104858,203646,143037.07142857142,True,42,42,2
128,4,1,0.85,0.0,1.0,0.04144982993602753,0.04144982993602753,0.0,0.0,8000,8000.0,True,12,12,1
128,4,1,0.9,0.0,1.0,0.028639068827033043,0.028639068827033043,0.0,0.0,8000,8000.0,True,12,12,1
128,4,1,0.95,0.0,1.0,0.014295433647930622,0.014295433647930622,0.0,0.0,8000,8000.0,True,12,12,1
128,4,2,0.85,0.9980981349945068,0.5759757161140442,0.03685568645596504,19.378633499145508,0.8518161085598609,0.24078979483373544,203646,128776.14705882352,True,34,34,2
128,4,2,0.9,0.9886044263839722,0.5607355833053589,0.02452850714325905,2.152454137802124,0.891408730079146,0.22521677788886424,203646,128776.14705882352,True,34,34,2
128,4,2,0.95,0.9928392767906189,0.5555509924888611,0.010834606364369392,1.5130608081817627,0.6566439972896325,0.2572223334745126,203646,136657.18421052632,True,38,38,2
128,4,3,0.85,0.3977690637111664,0.5974667072296143,0.03283092752099037,0.05451551824808121,0.5630966793549689,0.25212660311599044,203646,136657.18421052632,True,38,38,2
128,4,3,0.9,0.9442037343978882,0.41351503133773804,0.02229943498969078,0.3996584415435791,0.8253527118971473,0.2116659413334657,203646,136657.18421052632,True,38,38,2
128,4,3,0.95,0.7035122513771057,0.5809433460235596,0.008709431625902653,0.029375366866588593,0.6755113204320272,0.11715135221130554,203646,147077.66666666666,True,45,45,2
128,4,4,0.85,0.4518176317214966,0.5288227796554565,0.03086627833545208,0.05630659684538841,0.46475263365677427,0.1409091860526176,203646,143037.07142857142,True,42,42,2
128,4,4,0.9,0.5162436366081238,0.49518656730651855,0.019081592559814453,0.03944464400410652,0.5648759376435053,0.1543648791717873,203646,143037.07142857142,True,42,42,2
128,4,4,0.95,0.6738187074661255,0.5642046332359314,0.008047651499509811,0.02467234432697296,0.6114050707396339,0.09911019240293809,203646,173698.0588235294,True,85,85,3
128,8,1,0.85,0.0,1.0,0.03831515088677406,0.03831515088677406,0.0,0.0,8000,8000.0,True,12,12,1
128,8,1,0.9,0.0,1.0,0.02612835168838501,0.02612835168838501,0.0,0.0,8000,8000.0,True,12,12,1
128,8,1,0.95,0.0,1.0,0.012279835529625416,0.012279835529625416,0.0,0.0,8000,8000.0,True,12,12,1
128,8,2,0.85,0.9928687214851379,0.689327597618103,0.03140721097588539,4.404151439666748,0.9172990725320929,0.1461659606210553,203646,128776.14705882352,True,34,34,2
128,8,2,0.9,0.9842239022254944,0.7501108050346375,0.01927000842988491,1.2214734554290771,0.9624740277466021,0.02722242359311705,203646,136657.18421052632,True,38,38,2
128,8,2,0.95,0.9961321353912354,0.6847505569458008,0.008563450537621975,2.2140052318573,0.9753009251185826,0.05627859838459738,203646,143037.07142857142,True,42,42,2
128,8,3,0.85,0.992853045463562,0.5285435914993286,0.026255697011947632,3.6736819744110107,0.8302595780084008,0.1808784903388591,203646,136657.18421052632,True,38,38,2
128,8,3,0.9,0.9490728378295898,0.595028281211853,0.01602010615170002,0.3145692050457001,0.8704096900092231,0.1007696150581871,203646,147077.66666666666,True,45,45,2
128,8,3,0.95,0.9896680116653442,0.6976233720779419,0.005644384305924177,0.5463011860847473,0.9033013517206365,0.11319169355711944,203646,157362.81818181818,True,55,55,2
128,8,4,0.85,0.6755388975143433,0.6004980802536011,0.021065838634967804,0.06492564082145691,0.733273269874709,0.18226619077618386,203646,143037.07142857142,True,42,42,2
128,8,4,0.9,0.7420593500137329,0.547492504119873,0.012660459615290165,0.049082864075899124,0.7200792579089894,0.09961204058336699,203646,173698.0588235294,True,85,85,3
128,8,4,0.95,0.8206677436828613,0.6925331354141235,0.004323897417634726,0.02411113865673542,0.7981608757847234,0.14204413869842417,203646,176850.47368421053,True,95,95,3
128,16,1,0.85,0.0,1.0,0.032373882830142975,0.032373882830142975,0.0,0.0,8000,8000.0,True,12,12,1
128,16,1,0.9,0.0,1.0,0.021653370931744576,0.021653370931744576,0.0,0.0,8000,8000.0,True,12,12,1
128,16,1,0.95,0.0,1.0,0.009276974946260452,0.009276974946260452,0.0,0.0,8000,8000.0,True,12,12,1
128,16,2,0.85,0.9865371584892273,0.7944982647895813,0.022691207006573677,1.6854726076126099,0.9802564194327906,0.024530837449449745,203646,136657.18421052632,True,38,38,2
128,16,2,0.9,0.6090678572654724,0.8368963003158569,0.01029303390532732,0.02632947638630867,0.652993456238792,0.1980936448160418,203646,143037.07142857142,True,42,42,2
128,16,2,0.95,0.8959634304046631,0.8978899717330933,0.0025220653042197227,0.024242188781499863,0.7977886576028097,0.202507512908622,203646,143037.07142857142,True,42,42,2
128,16,3,0.85,0.9986720681190491,0.632422685623169,0.01528071891516447,11.507031440734863,0.9389899503025744,0.18103295117859178,203646,147077.66666666666,True,45,45,2
128,16,3,0.9,0.8179294466972351,0.7676205635070801,0.006655682809650898,0.036555565893650055,0.649625682390549,0.27389609393750164,203646,157362.81818181818,True,55,55,2
128,16,3,0.95,0.9339340925216675,0.8947956562042236,0.0015908024506643414,0.024079173803329468,0.7766673250938766,0.3113743846692924,203646,157362.81818181818,True,55,55,2
128,16,4,0.85,0.9996089339256287,0.5939182043075562,0.012417011894285679,31.751195907592773,0.7533188342390692,0.40620213189854826,203646,173698.0588235294,True,85,85,3
128,16,4,0.9,0.8691980242729187,0.7707542777061462,0.005210375413298607,0.03983413055539131,0.46709577201569974,0.37491676368306204,203646,176850.47368421053,True,95,95,3
128,16,4,0.95,0.967222273349762,0.9044554829597473,0.0013865830842405558,0.04230289161205292,0.5450531948957129,0.41718407027004417,203646,176850.47368421053,True,95,95,3
128,32,1,0.85,0.0,1.0,0.02204347774386406,0.02204347774386406,0.0,0.0,8000,8000.0,True,12,12,1
128,32,1,0.9,0.0,1.0,0.012001154012978077,0.012001154012978077,0.0,0.0,8000,8000.0,True,12,12,1
128,32,1,0.95,0.0,1.0,0.004113019909709692,0.004113019909709692,0.0,0.0,8000,8000.0,True,12,12,1
128,32,2,0.85,0.9965270757675171,0.8251029253005981,0.011089193634688854,3.192999839782715,0.9650011499013219,0.12443203562647479,203646,143037.07142857142,True,42,42,2
128,32,2,0.9,0.9962011575698853,0.8745064735412598,0.005356630776077509,1.4100886583328247,0.9523210752578009,0.11191678438995223,203646,143037.07142857142,True,42,42,2
128,32,2,0.95,0.9625098705291748,0.9346586465835571,0.0008499489049427211,0.022671518847346306,0.5957054313981817,0.16448074962649142,203646,143037.07142857142,True,42,42,2
128,32,3,0.85,0.9988076090812683,0.8245212435722351,0.006241955794394016,5.234712600708008,0.8212414879690517,0.3079105854542815,203646,157362.81818181818,True,55,55,2
128,32,3,0.9,0.9139811396598816,0.9495539665222168,0.002355110365897417,0.02737908624112606,0.46169199098578906,0.47258643186126803,203646,157362.81818181818,True,55,55,2
128,32,3,0.95,0.9349654316902161,0.964569628238678,0.00044201817945577204,0.006796809379011393,0.3883296846337986,0.40686262162223047,203646,157362.81818181818,True,55,55,2
128,32,4,0.85,0.9994253516197205,0.8379807472229004,0.004991841036826372,8.686351776123047,0.7487326864625934,0.4170895402242569,203646,176850.47368421053,True,95,95,3
128,32,4,0.9,0.9139849543571472,0.949553370475769,0.0023549385368824005,0.027378316968679428,0.6430032380640408,0.3941671680288273,203646,176850.47368421053,True,95,95,3
128,32,4,0.95,0.9388471841812134,0.9730955362319946,0.00023797331959940493,0.003891607513651252,0.5612588438864187,0.415406278488762,203646,176850.47368421053,True,95,95,3
128,64,1,0.85,0.0,1.0,0.0033446408342570066,0.0033446408342570066,0.0,0.0,8000,8000.0,True,12,12,1
128,64,1,0.9,0.0,1.0,0.0015162170166149735,0.0015162170166149735,0.0,0.0,8000,8000.0,True,12,12,1
128,64,1,0.95,0.0,1.0,0.0003813201328739524,0.0003813201328739524,0.0,0.0,8000,8000.0,True,12,12,1
128,64,2,0.85,0.9588311314582825,0.8421285152435303,0.001337051042355597,0.03247750923037529,0.8003833461109371,0.28784890259401585,203646,143037.07142857142,True,42,42,2
128,64,2,0.9,0.9855226874351501,0.9055773019790649,0.00048384247929789126,0.0334213562309742,0.8002923991353739,0.29454757372456003,33941,143037.07142857142,True,42,42,2
128,64,2,0.95,0.9744915962219238,0.9475703239440918,4.6675795601913705e-05,0.001830204506404698,0.48108123140853076,0.38369828074011825,203646,143037.07142857142,True,42,42,2
128,64,3,0.85,0.9554332494735718,0.8288907408714294,0.00044925769907422364,0.010080779902637005,0.6270027247128341,0.40023697082310006,203646,157362.81818181818,True,55,55,2
128,64,3,0.9,0.9650939106941223,0.9124707579612732,0.00012206264364067465,0.00349716586060822,0.7393734491972437,0.39447422231032586,203646,157362.81818181818,True,55,55,2
128,64,3,0.95,0.9786522388458252,0.9396954774856567,1.923588388308417e-05,0.0009015316027216613,0.5847118891772218,0.4244448350186093,203646,157362.81818181818,True,55,55,2
128,64,4,0.85,0.9770217537879944,0.8475423455238342,0.0003367078898008913,0.01465374231338501,0.6244969648607402,0.4527118392008081,33941,176850.47368421053,True,95,95,3
128,64,4,0.9,0.9749679565429688,0.9206187725067139,0.00011889873712789267,0.0047502415254712105,0.6095057451684186,0.4348856349703904,33941,175008.28125,True,96,96,3
128,64,4,0.95,0.9813078045845032,0.9547790884971619,1.3592785762739368e-05,0.000727715203538537,0.601405215685236,0.4435997571526893,33941,176850.47368421053,True,95,95,3
